name,platform,audience_estimate,focus,contact_path,best_offer,evidence_url,note
BiggerPockets (network: forums + YouTube + podcast family + newsletter),Forum / YouTube / Podcast / Newsletter,"""2 million - Largest real estate investing community with +2 million members"", ""1M - Engaged YouTube subscribers"", ""Over +7.5 million monthly engagements across our network"" (advertise page, fetched 2026-09-10); YouTube header ""1.27M subscribers""","Largest US REI hub: BRRRR, buy-and-hold, house hacking, small multifamily",https://www.biggerpockets.com/advertise (Get Started -> HubSpot intake form),partnership,https://www.biggerpockets.com/advertise,"Rank 1 (reach 5 x fit 5). Only target with a real ad sales team. PROVENANCE: their own pages contradict each other - /advertise says '+2 million members', /about says 'over 3,000,000' - so cite the specific page. Newsletter list size NOT published; the widely-repeated '600,000 email subscribers' traces to a dead /advertise.html and MUST NOT be used. CONFLICT: publishes competing market-ranking content (Market Finder, Top 100 Cash Flow Markets). RULES: organic link posts prohibited outside the Classifieds forum, and Rule O bans affiliate marketing outright - so paid/partner only. Covers Rookie + On The Market + Money via ONE desk (rows 8, 16, 25): do not pitch them in the same week."
Coach Carson (Chad Carson),YouTube + Podcast + Newsletter,"""140K subscribers"" (YouTube channel header, fetched 2026-09-10); own homepage displays ""135K YouTube subscribers"", ""42K Newsletter subscribers"", ""2.6M Podcast downloads"", ""9.6K Students taught""","Small rental portfolios, retire-early-with-rentals, market selection, landlord economics",https://www.coachcarson.com/contact/ (public name/email/subject/message form),data-drop,https://www.coachcarson.com/,"*** ANCHOR-PARTNER CANDIDATE *** Rank 2 (reach 3.5 x fit 5). Best fit x reachability x no-conflict in the file, and the only top row I verified first-hand rather than via a subagent. 794 videos reasoning in exactly our Star Score variables (yield, entry cost, landlord friction); published buy box. Sells education, not data, so our index is raw material rather than a competitor. Already runs sponsor/affiliate segments (DealMachine, RentRedi). Two caveats: site says 135K vs YouTube's 140K (YouTube is fresher), and a separate '132,000 subscribers' string on his site is attached to a YouTube module - do NOT read it as list size."
Zero Flux (Vidit Agarwal),Newsletter (beehiiv),"""Subscribers 30,000+"" (own site, fetched 2026-09-10)","Daily: 10 real-estate data signals, 5-min read, rates table plus one chart per issue",DM (draft for human send) - no advertise page exists (/advertise resolves to homepage); public routes https://newsletter.zeroflux.io/subscribe and X @zeroflux_,data-drop,https://www.zeroflux.io/,"Rank 3 (reach 2 x fit 5). The single best unpaid data-drop target: their stated editorial model is literally citing primary sources - verbatim from the page, 'One chart worth your time, built from data, never a stock photo' and 'Source - One click to the primary document, never to a rewrite.' IMPORTANT: the same page says 'No sponsored content inside an insight, ever' - so pitch as a SOURCE, never as a sponsorship. Only advertising email found was a personal address, deliberately excluded per house rules."
Jay Parsons' Rental Housing Economics,Newsletter (beehiiv),"UNVERIFIED - no subscriber count on the newsletter site or jayparsons.com. A 'more than 150,000 followers across LinkedIn/X' figure surfaced in search but is social reach, not list size, and jayparsons.com rate-limited on fetch. DO NOT PUBLISH A NUMBER.","Verbatim tagline: 'Your newsletter on apartments, SFR and BTR data and insights'",https://jayparsons.com/speaking-and-consulting/ (contact form),partnership,https://jayparsons.beehiiv.com/,"Rank 4 (reach unknown x fit 5). Best TOPICAL fit of any newsletter - every issue is chart plus rental-data commentary (rent trade-outs, occupancy, supply) and he is a rental-housing economist (ex-RealPage). Only newsletter with BOTH a confirmed active paid-sponsor program (issues carry named sponsors: JPI, Madera Residential, X-Caliber, Foxen, Northspyre) AND a rental-investor audience. Ranked on fit alone; size must be established in the first conversation before any spend."
CRE Daily,Newsletter,"""65,000+ industry leaders and investors depend on CRE Daily"", open rate ""53%"", ""75% of subscribers work in a management position or higher"", avg income ""$347,806"" (advertise page, fetched 2026-09-10)","Daily CRE/multifamily news and market data for owners, investors, developers, lenders",https://www.credaily.com/advertise/ (inquiry form),partnership,https://www.credaily.com/advertise/,"Rank 5 (reach 3.5 x fit 3.5). Most mature commercial program in the file: named products (Sponsorships, Sales-Qualified Leads, Custom Solutions incl. custom newsletters) with documented demographics and a real open rate. Publishes charts and cites sources. FIT CAVEAT: audience skews CRE/multifamily rather than SFR/BRRRR, so our metro index lands as adjacent context, not core. Rates on request."
One Rental at a Time (Michael Zuber),YouTube + Newsletter + Skool,"""75.5K subscribers"" (YouTube channel header, fetched 2026-09-10)",Buy-and-hold portfolio building plus near-daily housing market data commentary,Contact form in About Us: https://onerentalatatime.com/guide-to-one-rental-at-a-time/ ; community https://www.skool.com/oraat/about,partnership,https://www.youtube.com/@OneRentalataTime,"Rank 6 (reach 2 x fit 5). Highest raw data appetite found: publishes near-daily off third-party market data and monetizes via paid newsletter (zuberletter.com), courses and masterminds, so a licensed metro feed is directly usable inventory - and he has no data product of his own to defend. No media kit; expect a founder-level conversation. Fresno CA base, heavy CA/Sunbelt coverage. His Skool community is small (565 members) - the YouTube channel is the asset."
Ken McElroy,YouTube + Podcast,"""528K subscribers"" (YouTube channel header, fetched 2026-09-10)",Multifamily/apartment investing plus macro housing-market commentary,https://kenmcelroy.com/podcast-request/ (purpose-built booking/media form); general https://kenmcelroy.com/contact-us/,guest-pitch,https://www.youtube.com/@kenmcelroy,"Rank 7 (reach 4 x fit 3.5). Runs regular market-outlook livestreams that need charts, and has one of only two purpose-built media/booking forms in the file. Principal at The Founders Group (raises investor capital), so expect a licensing/credibility framing rather than creator sponsorship. FIT CAVEAT: large multifamily, not small-landlord BRRRR. AZ/Sunbelt focus."
"Real Estate Rookie (Ashley Kehr, Tony J. Robinson)",Podcast + YouTube,"""113K subscribers"" (YouTube channel header, fetched 2026-09-10); Apple Podcasts ""1,796 Ratings"" (ratings count, NOT audience size)","Beginner first-deal audience: live deal analysis, funding, house hacking",https://www.biggerpockets.com/guest (301s to an Airtable guest application form),guest-pitch,https://www.youtube.com/@realestaterookie,"Rank 8 (reach 3 x fit 4.5). Highest 'cite a market stat on air' fit anywhere: the format is live deal analysis with numbers on screen, so 'which metros pencil for a first rental' is native content. The /guest form is real editorial intake and is SEPARATE from BiggerPockets' ad desk - this is the one BP property worth pitching independently of row 1. Airtable form itself would not render for us; use the /guest URL, not the raw Airtable link."
Get Rich Education (Keith Weinhold),Podcast,"""3 MILLION IAB-CERTIFIED DOWNLOADS AND 5.8 MILLION TOTAL LISTENER DOWNLOADS"" (advertiser page; CUMULATIVE, not monthly); media kit ""5.5 Million+ Listens"", ""188 Nations Listening""; Apple ""608 Ratings""","Turnkey/passive rental investing, cash-flow markets, macro-inflation framing",https://getricheducation.com/advertisers (downloadable media kit); https://getricheducation.com/contact/,partnership,https://getricheducation.com/advertisers,"Rank 9 (reach 3.5 x fit 4). Only target publishing an IAB-CERTIFIED download figure - they are sophisticated about media metrics, which makes a paid deal a real, gradeable conversation. Host writes for Forbes RE Council; show leans macro and market-data commentary. Note the number is cumulative lifetime downloads; ask for per-episode before valuing it."
National REIA (National Real Estate Investors Association),Association + local chapters,"""With over 120 Local Chapters and Local Associations and 40,000 members"" (fetched 2026-09-10)","Non-profit umbrella for independent REIA chapters: advocacy, education, local investor associations",https://nationalreia.org/industry-partners/ (Register as a Vendor),partnership,https://nationalreia.org/,"Rank 10 (reach 2.5 x fit 4.5). CLEANEST SANCTIONED B2B ROUTE OF ANYTHING FOUND: the Industry Partners page explicitly offers to 'Find and reach real estate investors, get brand exposure, explore advertising and marketing opportunities.' 120 local chapters is a distribution network, not just a list - one agreement can reach many rooms. Member forums are login-gated so their internal posting rules were not readable."
Peter Lohmann,Newsletter (beehiiv) + Podcast + YouTube + LinkedIn,"""Join 20,000+ weekly subscribers for all things residential property management""; sponsor page: ""Targeted exposure to over 20,000 property management professionals, every week"", ""250K+ monthly impressions across all platforms"", ""50-70% newsletter open rates"" (fetched 2026-09-10)","Residential property management operators, vendors and rental investors",https://www.peterlohmann.com/sponsor/ (media kit with Book a Partnership form),partnership,https://www.peterlohmann.com/sponsor/,"Rank 11 (reach 2 x fit 4). BEST-DOCUMENTED SPONSORSHIP PROGRAM IN THE FILE: a real 2026 media kit page with Audience / What to Book / Ad Examples / Pricing / Bundles, plus a stated 'Native ads, not banner noise' philosophy and multi-channel reach. Residential-rental adjacent - strongest fit for our rent and landlord-friction factors rather than the buy-side index. Highest probability of a fast, priced yes."
Best Ever CRE (Joe Fairless platform),Newsletter (beehiiv),"""Join 55,200+ investors getting commercial..."" / ""Join 55,200+ readers"" (fetched 2026-09-10)","Weekly-plus CRE and multifamily investing: rent growth, occupancy, preleasing, NOI, distress",https://www.bestevercre.com/partner-with-us ; https://www.bestevercre.com/contact-us,partnership,https://bestever.beehiiv.com/,"Rank 12 (reach 3 x fit 3). Verified paid program with a named Monthly Sponsorship tier and published partner testimonials. Headlines are data-led. Accredited-investor audience, so CRE-skewed like row 5. PROVENANCE NOTE: their beehiiv cross-promo blurb still says 'Join 40,000+ readers' - the 55,200+ on their own site is current; do not cite the stale figure."
Reventure Consulting / Reventure App (Nick Gerli),YouTube + App + Newsletter,"""681K@ReventureConsulting subscribers"", ""257K@reventureofficial followers"", ""151K@nickgerli1 followers"", ""1M+ Total followers across all platforms"", ""500M+ Combined video views"" (own site, fetched 2026-09-10); YouTube header ""683K subscribers"". Newsletter list size UNVERIFIED.","ZIP-level home-price forecasts, inventory charts, market-crash analysis","Media/partnership inquiry form on https://www.nickgerli.com/ (inquiry types incl. partnership, media, speaking)",partnership,https://www.nickgerli.com/,"Rank 13 (reach 4 x fit 2.5). Best-verified individual numbers in the file and the channel's stated purpose is teaching investors to use data - but he sells Reventure App, a DIRECT COMPETITOR to a metro index, and posts his own data rather than other people's. Licensing/partnership track only; a data drop makes no sense here. Discount fit accordingly."
Investment Joy (Brandon Schlichter),YouTube,"""2.52M subscribers"" (YouTube channel header, fetched 2026-09-10)","100+ rentals plus car washes, laundromats, trailer park - operator small-business investing",https://investmentjoy.com/appointment (public appointment form; business address and office line listed publicly),data-drop,https://www.youtube.com/@InvestmentJoy,"Rank 14. LARGEST RAW REACH IN THE ENTIRE FILE (2.52M) - deliberately ranked here because fit is the broadest: rentals are one slice of a general small-business channel and the angle is operations/asset management, not market selection. Sells his own training, so may prefer barter or affiliate over cash. Strong Ohio coverage, which matches our Cleveland and Toledo rows - that metro overlap is the specific hook."
r/realestateinvesting,Reddit,"UNVERIFIED - Reddit blocks our crawler on every route tried (WebFetch, WebSearch allowed_domains, direct curl, r.jina.ai, Redlib mirrors, CORS proxies). A human must open it in a browser to confirm size. NO NUMBER RECORDED.","Deal analysis, BRRRR, financing, landlording, market picks",Modmail: https://www.reddit.com/message/compose?to=/r/realestateinvesting ; rules https://www.reddit.com/r/realestateinvesting/about/rules,data-drop,https://www.reddit.com/r/realestateinvesting/,"Rank 15. Almost certainly the largest single audience in the vertical and the best organic fit - but BOTH its size AND its current rules are unverified, so nothing here is actionable until a human reads the rules in a browser. Per the social-voice skill, agents NEVER post to Reddit: draft only, human sends, native post with the value surviving link removal, affiliation disclosed, 90/10 rule."
"On The Market (BiggerPockets: Dave Meyer, James Dainard, Kathy Fettke, Henry Washington)",Podcast + YouTube,"Apple Podcasts ""864 Ratings"" (ratings count, NOT audience size)",The data/economics show: news and economics driving the market,https://www.biggerpockets.com/guest ; ads via https://www.biggerpockets.com/advertise,guest-pitch,https://podcasts.apple.com/us/podcast/on-the-market/id1615086704,"Rank 16. BEST EDITORIAL FIT OF ANY SHOW FOUND - the premise is market data and headline analysis with a recurring expert panel, which is exactly a named-index segment. Smallest BP ratings count but most on-topic. Ratings counts do NOT track download rank, so do not rank it below rows 18/19 on that basis. Same desk as row 1 for ads; sequence after BiggerPockets."
Chandler David Smith,YouTube,"""290K subscribers"" (YouTube channel header, fetched 2026-09-10)",Rental portfolio building and house hacking (channel also covers sales training),https://www.chandlerdavidsmith.com/contact,embed,https://www.youtube.com/@ChandlerDavidSmith,"Rank 17. Runs a public rental calculator (/rental-calculator) plus a Creative Cashflow Club - a calculator is the single cleanest surface to embed a licensed metro feed, which is why the offer is embed rather than data-drop. Split-attention caveat: also runs door-to-door sales content (elitesummersales.com). A personal gmail is displayed on his site and was deliberately NOT recorded - use /contact."
The Kwak Brothers (Sam & Daniel Kwak),YouTube,"""347K subscribers"" (YouTube channel header, fetched 2026-09-10)","Small multifamily and rental acquisition, creative finance, mortgage payoff","https://thekwakbrothers.com/contact (Send a Message form, states 24-48 business-hour response)",data-drop,https://www.youtube.com/@TheKwakBrothers,"Rank 18. Cleanest and most responsive-looking contact route among the independents, with a public business phone and PMB address in Batavia IL. CAUTION for our no-fabrication culture: funnel-heavy operation (0to75units.com, chopmymortgage.com, acceleratedstrategies.com) - vet their claims before any co-branding."
"The Real Estate Guys Radio Show (Robert Helms, Russell Gray)",Podcast + radio,"Apple Podcasts ""4.5 out of 5, 693 Ratings"" (ratings count, NOT audience size). UNVERIFIED: the ""17 million downloads / 250,000 listens per month"" figure is a search snippet only and was NOT visible on either page fetched.","Market-selection-driven investing, rentals through syndication, tax and macro",https://realestateguysradio.com/resources/network-2/apply-to-join/ ; ads https://realestateguysradio.com/full/advertising/,partnership,https://realestateguysradio.com/resources/network-2/apply-to-join/,"Rank 19. BEST PUBLIC INTAKE OF ANY TARGET: their Resource Network application explicitly solicits 'purveyors of education, data, real assets and services' and says 'If you have a product or service that would help our growing audience, we'd love to talk with you!' That is a literal open door for a data provider. Longest-running show here (radio since 1997), heavy market-report format. Lowest-effort qualified shot in the file."
ResiClub (Lance Lambert),Newsletter (beehiiv) + X,"UNVERIFIED - no subscriber count displayed on the homepage, /subscribe or /t/residay. A LinkedIn post titled 'ResiClub Nears 1 Million Monthly Readers' surfaced in search but is a MONTHLY READERS metric, not list size, and was not fetchable. X follower count also unverified (x.com returns 402). DO NOT PUBLISH A NUMBER.","Near-daily data-driven US housing analysis: prices, inventory, regional trackers","DM (draft for human send) - the site's Advertise nav link resolves to a Cloudflare-obfuscated PERSONAL mailto, excluded per house rules. Alt public route: X @NewsLambert",data-drop,https://www.resiclubanalytics.com/,"Rank 20. TOP FORMAT FIT (chart plus housing-data commentary with explicit sourcing, and as an ex-Fortune editor he attributes third-party datasets - Parcl Labs lists ResiClub as a citer). Ranked down ONLY because both the number and the contact route failed verification: there is no advertise page and no rate card. CONFLICT: ResiClub Terminal (100+ metrics, 800+ metros, 25,000+ ZIPs) directly overlaps a metro index. Verify which handle is live (@NewsLambert vs @ResiClub_HQ) before outreach."
MrLandlord.com Q&A Discussion Board,Forum,UNVERIFIED - no member count displayed anywhere on the site. Board confirmed LIVE (top threads dated Sep 9-10 2026).,"DIY landlord Q&A: rent control, tenant screening, evictions, Section 8, pet policies, maintenance",https://www.mrlandlord.com/partnerwithus.html (formal Partner With Us program),embed,https://www.mrlandlord.com/landlordforum/,"Rank 21. Unusually good structural fit despite an unknown size: their Partner With Us program has a CONTENT PARTNER track offering to integrate their Q&A board onto your site, plus e-commerce and advertising tracks - a genuine two-way embed rather than a placement. Pure DIY-landlord audience matches our rent and landlord-friction factors. No published forum posting rules, so treat organic promo as unsanctioned and use the partner form."
Rental Income Podcast (Dan Lane),Podcast,"Apple Podcasts ""832 Ratings"" (ratings count, NOT audience size)","Purest landlording show: how everyday landlords found, financed and manage rentals",https://rentalincomepodcast.com/flow/ (public 'Podcast Interview Flow' guest page - SEE CAVEAT),guest-pitch,https://podcasts.apple.com/us/podcast/rental-income-podcast-with-dan-lane/id920898575,"Rank 22. Interviews one landlord per ~20-minute episode so it takes outside guests constantly, and runs real sponsors (Ridge Lending, PadSplit, Rentec Direct, Fundrise). Least data-segment-oriented here - pitch as 'market pick', not 'index'. CAVEAT: rentalincomepodcast.com returns an empty body across /, /flow/, /about/ and /contact/; the /flow/ page is indexed with a guest-process title but its contents are UNCONFIRMED. Verify manually before sending."
"Housing Notes (Jonathan Miller, Miller Samuel)",Newsletter (Substack),"CONFLICTING ON THE SAME PAGE: Substack display string reads ""Tens of thousands of subscribers"" while the underlying free-subscriber field reads ""Over 11,000 subscribers"" (fetched 2026-09-10). Both recorded; neither treated as settled.",Weekly narrative plus charts on the housing economy; NYC-heavy but national appraisal data,https://millersamuel.com/contact/ (firm business contact form),data-drop,https://housingnotes.com/about,"Rank 23. Chart-heavy weekly, publishing continuously since March 2015. Miller is a professional appraiser who cites sources rigorously and regularly features third-party research - a strong citation target. No advertising program found, so pitch as a data source, not a sponsorship. Note the on-page number conflict above before quoting him anywhere."
STR Scout (Andrew Thoms),Newsletter (beehiiv),"""Join 35,000+ investors getting field-scouted deals, market briefs, global lifestyle plays and resources every week."" (fetched 2026-09-10)",Weekly short-term-rental / vacation-rental investing: deals plus market briefs,DM (draft for human send) - /advertise returns 404 and no contact or sponsor page exists; public routes X @STR_Scout and instagram.com/strscout,data-drop,https://newsletter.strscout.com/,"Rank 24. Solid verified size and a market-brief format that could carry a metro cut, but STR investors are adjacent to - not core to - long-term-rental/BRRRR, and there is no business intake route at all. Hold until the STR Atlas milestone (Inside Airbnb ingestion) makes the fit direct."
"Dave Meyer (VP Data & Analytics, BiggerPockets)",X / Instagram / Threads / LinkedIn,"Threads ""10.1K followers"" (fetched 2026-09-10). X, Instagram and LinkedIn UNVERIFIED (402 / login wall) - this number badly understates his real reach.",Investor-facing housing data - 'fresh cuts of real estate info',https://www.biggerpockets.com/advertise (employer desk),data-drop,https://www.threads.com/@thedatadeli,"Rank 25. Strongest substantive fit of any individual - he IS the data lead for the largest US rental-investor audience and hosts both BP Real Estate and On The Market. Ranked here only because his reach is employer-mediated and the one verifiable number is unrepresentative. SEQUENCE AFTER ROW 1: same desk, do not send both in the same week."
Kathy Fettke / RealWealth,YouTube + Instagram + Podcast,"THIRD-PARTY TRACKER ONLY (CreatorDB, not first-party): Instagram ""74,508"" followers, YouTube ""75K followers"". Weakest sourcing in this file - re-verify before use.","Turnkey rentals, metro market selection, Real Wealth Show podcast",https://realwealth.com/contact-us/,partnership,https://creatordb.app/creatorstats/kathyfettke/,"Rank 26. Co-hosts BP On The Market, so a warm path exists via row 16 rather than a cold form. CONFLICT: RealWealth sells vetted off-market turnkey rentals in specific metros, so our ranking could either contradict her inventory or become a strong co-marketing asset - resolve which before pitching. No first-party audience number was found."
Real Estate Investors United,Discord,"4,444 members, 166 online (Discord public invite API with_counts, fetched 2026-09-10)","Networking, advice and education for long-term wealth via REI",DM to server admin after joining (owner/inviter: Discord user 'reijames'); invite https://discord.com/invite/mRn9vVVSqZ,data-drop,https://discord.com/api/v10/invites/mRn9vVVSqZ?with_counts=true,"Rank 27. Small but the ONLY community type in this file with a precisely verified live member count (API, not a marketing claim). Server has member-verification and auto-moderation enabled; #rules is unreadable without joining, so assume no promo without admin approval. Useful as a low-risk place to test whether a metro data drop earns engagement before spending on rows 1-12."
r/HousingMarket,Reddit,UNVERIFIED - Reddit blocks our crawler entirely (see row 15). NO NUMBER RECORDED.,"Housing market direction, price and inventory data, market-crash debate",Modmail: https://www.reddit.com/message/compose?to=/r/HousingMarket ; rules https://www.reddit.com/r/HousingMarket/about/rules,data-drop,https://www.reddit.com/r/HousingMarket/,"Rank 28. Likely the most permissive large surface for native chart posts, since discussing housing data IS the sub's purpose rather than an intrusion - but size and rules are both unverified, so a human must check first. Draft only, human posts, disclose affiliation. Also worth a human check: r/Landlord, r/PropertyManagement and r/RealEstate (r/RealEstate explicitly bans website links - do not pitch it). We could NOT confirm r/BRRRR exists; do not assume it does."
