slug,state,gov_1921_state,gov_share_pct,assumability
birmingham-al,AL,147085,29.4,90
huntsville-al,AL,147085,29.4,90
mobile-al,AL,147085,29.4,90
montgomery-al,AL,147085,29.4,90
tuscaloosa-al,AL,147085,29.4,90
daphne-al,AL,147085,29.4,90
anchorage-ak,AK,27224,39.4,100
phoenix-az,AZ,287912,22.6,79
tucson-az,AZ,287912,22.6,79
lake-havasu-city-az,AZ,287912,22.6,79
yuma-az,AZ,287912,22.6,79
little-rock-ar,AR,77547,28.0,85
fayetteville-ar,AR,77547,28.0,85
fort-smith-ar,AR,77547,28.0,85
los-angeles-ca,CA,694833,13.6,63
san-francisco-ca,CA,694833,13.6,63
riverside-ca,CA,694833,13.6,63
san-diego-ca,CA,694833,13.6,63
sacramento-ca,CA,694833,13.6,63
san-jose-ca,CA,694833,13.6,63
fresno-ca,CA,694833,13.6,63
bakersfield-ca,CA,694833,13.6,63
oxnard-ca,CA,694833,13.6,63
stockton-ca,CA,694833,13.6,63
modesto-ca,CA,694833,13.6,63
santa-rosa-ca,CA,694833,13.6,63
visalia-ca,CA,694833,13.6,63
vallejo-ca,CA,694833,13.6,63
santa-maria-ca,CA,694833,13.6,63
salinas-ca,CA,694833,13.6,63
san-luis-obispo-ca,CA,694833,13.6,63
merced-ca,CA,694833,13.6,63
santa-cruz-ca,CA,694833,13.6,63
chico-ca,CA,694833,13.6,63
redding-ca,CA,694833,13.6,63
el-centro-ca,CA,694833,13.6,63
yuba-city-ca,CA,694833,13.6,63
denver-co,CO,240512,19.6,74
colorado-springs-co,CO,240512,19.6,74
fort-collins-co,CO,240512,19.6,74
boulder-co,CO,240512,19.6,74
greeley-co,CO,240512,19.6,74
hartford-ct,CT,62792,17.0,66
bridgeport-ct,CT,62792,17.0,66
new-haven-ct,CT,62792,17.0,66
norwich-ct,CT,62792,17.0,66
torrington-ct,CT,62792,17.0,66
dover-de,DE,34069,24.4,76
miami-fl,FL,667291,26.0,85
tampa-fl,FL,667291,26.0,85
orlando-fl,FL,667291,26.0,85
jacksonville-fl,FL,667291,26.0,85
north-port-fl,FL,667291,26.0,85
cape-coral-fl,FL,667291,26.0,85
lakeland-fl,FL,667291,26.0,85
deltona-fl,FL,667291,26.0,85
palm-bay-fl,FL,667291,26.0,85
pensacola-fl,FL,667291,26.0,85
port-st--lucie-fl,FL,667291,26.0,85
tallahassee-fl,FL,667291,26.0,85
naples-fl,FL,667291,26.0,85
ocala-fl,FL,667291,26.0,85
gainesville-fl,FL,667291,26.0,85
crestview-fl,FL,667291,26.0,85
punta-gorda-fl,FL,667291,26.0,85
panama-city-fl,FL,667291,26.0,85
atlanta-ga,GA,350900,28.2,88
augusta-ga,GA,350900,28.2,88
savannah-ga,GA,350900,28.2,88
columbus-ga,GA,350900,28.2,88
macon-ga,GA,350900,28.2,88
athens-ga,GA,350900,28.2,88
gainesville-ga,GA,350900,28.2,88
warner-robins-ga,GA,350900,28.2,88
urban-honolulu-hi,HI,35317,22.4,73
hilo-hi,HI,35317,22.4,73
boise-city-id,ID,60201,17.8,67
chicago-il,IL,214367,15.9,67
peoria-il,IL,214367,15.9,67
rockford-il,IL,214367,15.9,67
champaign-il,IL,214367,15.9,67
springfield-il,IL,214367,15.9,67
indianapolis-in,IN,175357,20.8,76
fort-wayne-in,IN,175357,20.8,76
south-bend-in,IN,175357,20.8,76
evansville-in,IN,175357,20.8,76
lafayette-in,IN,175357,20.8,76
elkhart-in,IN,175357,20.8,76
terre-haute-in,IN,175357,20.8,76
des-moines-ia,IA,48166,12.9,58
davenport-ia,IA,48166,12.9,58
cedar-rapids-ia,IA,48166,12.9,58
wichita-ks,KS,58503,20.7,72
topeka-ks,KS,58503,20.7,72
louisville-ky,KY,101475,22.2,76
lexington-ky,KY,101475,22.2,76
bowling-green-ky,KY,101475,22.2,76
new-orleans-la,LA,114008,29.9,90
baton-rouge-la,LA,114008,29.9,90
lafayette-la,LA,114008,29.9,90
shreveport-la,LA,114008,29.9,90
lake-charles-la,LA,114008,29.9,90
houma-la,LA,114008,29.9,90
monroe-la,LA,114008,29.9,90
portland-me,ME,29403,17.5,64
baltimore-md,MD,217046,26.3,85
salisbury-md,MD,217046,26.3,85
hagerstown-md,MD,217046,26.3,85
boston-ma,MA,90361,9.9,55
worcester-ma,MA,90361,9.9,55
springfield-ma,MA,90361,9.9,55
barnstable-town-ma,MA,90361,9.9,55
detroit-mi,MI,178682,14.7,65
grand-rapids-mi,MI,178682,14.7,65
lansing-mi,MI,178682,14.7,65
flint-mi,MI,178682,14.7,65
ann-arbor-mi,MI,178682,14.7,65
kalamazoo-mi,MI,178682,14.7,65
saginaw-mi,MI,178682,14.7,65
muskegon-mi,MI,178682,14.7,65
minneapolis-mn,MN,106994,13.3,61
duluth-mn,MN,106994,13.3,61
rochester-mn,MN,106994,13.3,61
st--cloud-mn,MN,106994,13.3,61
jackson-ms,MS,66982,30.5,89
gulfport-ms,MS,66982,30.5,89
st--louis-mo,MO,155168,21.6,77
kansas-city-mo,MO,155168,21.6,77
springfield-mo,MO,155168,21.6,77
columbia-mo,MO,155168,21.6,77
joplin-mo,MO,155168,21.6,77
billings-mt,MT,26878,20.2,68
omaha-ne,NE,39834,18.4,67
lincoln-ne,NE,39834,18.4,67
las-vegas-nv,NV,132834,27.4,86
reno-nv,NV,132834,27.4,86
manchester-nh,NH,30437,15.7,61
trenton-nj,NJ,154204,15.7,67
atlantic-city-nj,NJ,154204,15.7,67
albuquerque-nm,NM,58625,30.5,89
las-cruces-nm,NM,58625,30.5,89
new-york-ny,NY,131744,11.1,58
buffalo-ny,NY,131744,11.1,58
rochester-ny,NY,131744,11.1,58
albany-ny,NY,131744,11.1,58
syracuse-ny,NY,131744,11.1,58
utica-ny,NY,131744,11.1,58
binghamton-ny,NY,131744,11.1,58
kingston-ny,NY,131744,11.1,58
charlotte-nc,NC,292354,21.4,77
raleigh-nc,NC,292354,21.4,77
greensboro-nc,NC,292354,21.4,77
winston-nc,NC,292354,21.4,77
durham-nc,NC,292354,21.4,77
fayetteville-nc,NC,292354,21.4,77
asheville-nc,NC,292354,21.4,77
hickory-nc,NC,292354,21.4,77
wilmington-nc,NC,292354,21.4,77
jacksonville-nc,NC,292354,21.4,77
fargo-nd,ND,15425,20.2,66
cincinnati-oh,OH,239764,18.6,72
columbus-oh,OH,239764,18.6,72
cleveland-oh,OH,239764,18.6,72
akron-oh,OH,239764,18.6,72
toledo-oh,OH,239764,18.6,72
youngstown-oh,OH,239764,18.6,72
canton-oh,OH,239764,18.6,72
oklahoma-city-ok,OK,100066,30.5,91
tulsa-ok,OK,100066,30.5,91
portland-or,OR,107548,16.7,67
salem-or,OR,107548,16.7,67
eugene-or,OR,107548,16.7,67
medford-or,OR,107548,16.7,67
bend-or,OR,107548,16.7,67
philadelphia-pa,PA,208566,16.1,68
pittsburgh-pa,PA,208566,16.1,68
allentown-pa,PA,208566,16.1,68
harrisburg-pa,PA,208566,16.1,68
scranton-pa,PA,208566,16.1,68
lancaster-pa,PA,208566,16.1,68
york-pa,PA,208566,16.1,68
reading-pa,PA,208566,16.1,68
erie-pa,PA,208566,16.1,68
providence-ri,RI,25073,17.5,63
greenville-sc,SC,179287,27.3,87
columbia-sc,SC,179287,27.3,87
charleston-sc,SC,179287,27.3,87
myrtle-beach-sc,SC,179287,27.3,87
spartanburg-sc,SC,179287,27.3,87
hilton-head-island-sc,SC,179287,27.3,87
florence-sc,SC,179287,27.3,87
sioux-falls-sd,SD,20461,21.3,69
nashville-tn,TN,204499,24.8,82
memphis-tn,TN,204499,24.8,82
knoxville-tn,TN,204499,24.8,82
chattanooga-tn,TN,204499,24.8,82
clarksville-tn,TN,204499,24.8,82
kingsport-tn,TN,204499,24.8,82
johnson-city-tn,TN,204499,24.8,82
jackson-tn,TN,204499,24.8,82
dallas-tx,TX,687699,25.6,84
houston-tx,TX,687699,25.6,84
san-antonio-tx,TX,687699,25.6,84
austin-tx,TX,687699,25.6,84
mcallen-tx,TX,687699,25.6,84
el-paso-tx,TX,687699,25.6,84
killeen-tx,TX,687699,25.6,84
corpus-christi-tx,TX,687699,25.6,84
brownsville-tx,TX,687699,25.6,84
beaumont-tx,TX,687699,25.6,84
lubbock-tx,TX,687699,25.6,84
longview-tx,TX,687699,25.6,84
waco-tx,TX,687699,25.6,84
amarillo-tx,TX,687699,25.6,84
laredo-tx,TX,687699,25.6,84
college-station-tx,TX,687699,25.6,84
tyler-tx,TX,687699,25.6,84
salt-lake-city-ut,UT,103507,15.2,64
ogden-ut,UT,103507,15.2,64
provo-ut,UT,103507,15.2,64
st--george-ut,UT,103507,15.2,64
burlington-vt,VT,7898,11.8,50
virginia-beach-va,VA,350108,28.8,89
richmond-va,VA,350108,28.8,89
roanoke-va,VA,350108,28.8,89
lynchburg-va,VA,350108,28.8,89
charlottesville-va,VA,350108,28.8,89
seattle-wa,WA,231282,17.7,70
spokane-wa,WA,231282,17.7,70
kennewick-wa,WA,231282,17.7,70
olympia-wa,WA,231282,17.7,70
bremerton-wa,WA,231282,17.7,70
yakima-wa,WA,231282,17.7,70
bellingham-wa,WA,231282,17.7,70
huntington-wv,WV,34968,27.6,82
charleston-wv,WV,34968,27.6,82
milwaukee-wi,WI,86960,10.5,56
madison-wi,WI,86960,10.5,56
green-bay-wi,WI,86960,10.5,56
appleton-wi,WI,86960,10.5,56
racine-wi,WI,86960,10.5,56
