slug,name,state,lat,lng,home_value,rent,landlord,tax_rate,growth,climate,blurb,as_of,data_month
new-york-ny,New York,NY,40.735425,-73.80773,735075,3615,30,1.64,64,80,,2026-09-24,2026-08-31
los-angeles-ca,Los Angeles,CA,34.108703,-118.182753,952601,2941,35,0.75,40,55,,2026-09-24,2026-08-31
chicago-il,Chicago,IL,41.75878,-87.841887,357265,2210,35,2.08,64,85,,2026-09-24,2026-08-31
dallas-tx,Dallas,TX,32.849171,-96.970489,360437,1659,85,1.68,19,70,,2026-09-24,2026-08-31
houston-tx,Houston,TX,29.801005,-95.34262,305001,1643,85,1.68,21,70,,2026-09-24,2026-08-31
washington-dc,Washington,DC,38.829787,-77.495684,573336,2433,35,0.57,22,80,,2026-09-24,2026-08-31
philadelphia-pa,Philadelphia,PA,39.894958,-75.311982,389524,1911,70,1.41,64,90,,2026-09-24,2026-08-31
miami-fl,Miami,FL,26.101828,-80.478755,475830,2666,80,0.86,77,40,,2026-09-24,2026-08-31
atlanta-ga,Atlanta,GA,33.732402,-84.392848,377428,1853,90,0.9,36,70,,2026-09-24,2026-08-31
boston-ma,Boston,MA,42.517606,-71.021993,733574,3074,40,1.14,50,80,,2026-09-24,2026-08-31
phoenix-az,Phoenix,AZ,33.185765,-112.067862,442078,1722,85,0.63,11,75,,2026-09-24,2026-08-31
san-francisco-ca,San Francisco,CA,37.773718,-122.274432,1123193,3409,35,0.75,4,55,,2026-09-24,2026-08-31
riverside-ca,Riverside,CA,34.538476,-116.134541,581454,2541,35,0.75,33,55,,2026-09-24,2026-08-31
detroit-mi,Detroit,MI,42.721848,-83.200846,267167,1524,65,1.38,45,85,,2026-09-24,2026-08-31
seattle-wa,Seattle,WA,47.490552,-121.833977,727359,2278,45,0.87,14,80,,2026-09-24,2026-08-31
minneapolis-mn,Minneapolis,MN,45.096664,-93.275361,388865,1719,60,1.11,14,80,,2026-09-24,2026-08-31
san-diego-ca,San Diego,CA,33.023604,-116.776117,930785,2994,35,0.75,46,55,,2026-09-24,2026-08-31
tampa-fl,Tampa,FL,28.120541,-82.525188,358706,2001,80,0.86,31,40,,2026-09-24,2026-08-31
denver-co,Denver,CO,39.434789,-104.901073,559705,1922,55,0.51,6,75,,2026-09-24,2026-08-31
baltimore-md,Baltimore,MD,39.304361,-76.549501,400263,1948,55,1.05,26,80,,2026-09-24,2026-08-31
st--louis-mo,St. Louis,MO,38.740211,-90.345825,275704,1443,85,0.98,55,75,,2026-09-24,2026-08-31
orlando-fl,Orlando,FL,28.434396,-81.356084,383445,1942,80,0.86,44,40,,2026-09-24,2026-08-31
charlotte-nc,Charlotte,NC,35.166342,-80.797285,384458,1749,85,0.8,47,65,,2026-09-24,2026-08-31
san-antonio-tx,San Antonio,TX,29.43306,-98.606973,276747,1422,85,1.68,7,70,,2026-09-24,2026-08-31
portland-or,Portland,OR,45.600622,-122.484378,542843,1818,40,0.93,9,75,,2026-09-24,2026-08-31
sacramento-ca,Sacramento,CA,38.790272,-121.005643,574820,2282,35,0.75,6,55,,2026-09-24,2026-08-31
pittsburgh-pa,Pittsburgh,PA,40.471332,-79.863986,232122,1469,70,1.41,17,90,,2026-09-24,2026-08-31
cincinnati-oh,Cincinnati,OH,39.078585,-84.463514,308426,1522,75,1.52,60,85,,2026-09-24,2026-08-31
austin-tx,Austin,TX,30.249744,-97.649842,417977,1622,85,1.68,1,70,,2026-09-24,2026-08-31
las-vegas-nv,Las Vegas,NV,36.21413,-115.014398,423983,1742,75,0.59,29,75,,2026-09-24,2026-08-31
kansas-city-mo,Kansas City,MO,38.931857,-94.443841,327320,1529,85,0.98,60,75,,2026-09-24,2026-08-31
columbus-oh,Columbus,OH,39.968562,-82.835911,330327,1521,75,1.52,55,85,,2026-09-24,2026-08-31
indianapolis-in,Indianapolis,IN,39.790533,-86.12426,293506,1552,90,0.84,49,85,,2026-09-24,2026-08-31
cleveland-oh,Cleveland,OH,41.667548,-81.43052,253678,1454,75,1.52,81,85,,2026-09-24,2026-08-31
san-jose-ca,San Jose,CA,36.908472,-121.371372,1527731,3815,35,0.75,29,55,,2026-09-24,2026-08-31
nashville-tn,Nashville,TN,36.091577,-86.72298,452186,1813,90,0.65,41,70,,2026-09-24,2026-08-31
virginia-beach-va,Virginia Beach,VA,36.837289,-76.391849,373040,1891,75,0.87,58,80,,2026-09-24,2026-08-31
providence-ri,Providence,RI,41.70684,-71.286687,525363,2167,45,1.4,83,80,,2026-09-24,2026-08-31
jacksonville-fl,Jacksonville,FL,30.234184,-81.756033,350783,1696,80,0.86,34,40,,2026-09-24,2026-08-31
milwaukee-wi,Milwaukee,WI,42.912643,-87.862312,388845,1563,70,1.61,78,85,,2026-09-24,2026-08-31
oklahoma-city-ok,Oklahoma City,OK,35.430968,-97.506966,245317,1388,90,0.89,53,60,,2026-09-24,2026-08-31
raleigh-nc,Raleigh,NC,35.756746,-78.460441,431269,1675,85,0.8,36,65,,2026-09-24,2026-08-31
memphis-tn,Memphis,TN,35.010307,-89.820503,244737,1400,90,0.65,29,70,,2026-09-24,2026-08-31
richmond-va,Richmond,VA,37.411324,-77.441816,394521,1729,75,0.87,63,80,,2026-09-24,2026-08-31
louisville-ky,Louisville,KY,,,280129,1348,80,0.83,47,75,,2026-09-24,2026-08-31
new-orleans-la,New Orleans,LA,29.282447,-89.576068,261002,1598,60,0.56,2,25,,2026-09-24,2026-08-31
salt-lake-city-ut,Salt Lake City,UT,40.572887,-112.953253,560068,1641,85,0.57,23,80,,2026-09-24,2026-08-31
hartford-ct,Hartford,CT,41.688038,-72.545112,402457,2034,45,1.79,99,80,,2026-09-24,2026-08-31
buffalo-ny,Buffalo,NY,43.044371,-78.777335,291683,1449,30,1.64,80,80,,2026-09-24,2026-08-31
birmingham-al,Birmingham,AL,33.462372,-86.814338,262563,1433,90,0.4,28,65,,2026-09-24,2026-08-31
rochester-ny,Rochester,NY,43.184718,-77.556558,286834,1536,30,1.64,97,80,,2026-09-24,2026-08-31
grand-rapids-mi,Grand Rapids,MI,42.979841,-85.715614,357283,1631,65,1.38,73,85,,2026-09-24,2026-08-31
tucson-az,Tucson,AZ,32.128038,-111.783657,338460,1483,85,0.63,18,75,,2026-09-24,2026-08-31
urban-honolulu-hi,Urban Honolulu,HI,21.461365,-158.201974,856305,3020,50,0.27,19,60,,2026-09-24,2026-08-31
tulsa-ok,Tulsa,OK,36.254442,-96.177298,253643,1382,90,0.89,67,60,,2026-09-24,2026-08-31
fresno-ca,Fresno,CA,36.879404,-119.668488,407407,2044,35,0.75,35,55,,2026-09-24,2026-08-31
worcester-ma,Worcester,MA,42.311693,-71.940282,479429,2124,40,1.14,74,80,,2026-09-24,2026-08-31
omaha-ne,Omaha,NE,41.290459,-95.99997,308213,1413,85,1.63,52,75,,2026-09-24,2026-08-31
bridgeport-ct,Bridgeport,CT,41.252442,-73.393266,693466,2890,45,1.79,93,80,,2026-09-24,2026-08-31
greenville-sc,Greenville,SC,34.683709,-82.413423,314151,1569,85,0.56,66,60,,2026-09-24,2026-08-31
albuquerque-nm,Albuquerque,NM,35.123496,-106.458392,349919,1499,70,0.67,71,75,,2026-09-24,2026-08-31
bakersfield-ca,Bakersfield,CA,35.346629,-118.729506,362787,1785,35,0.75,51,55,,2026-09-24,2026-08-31
albany-ny,Albany,NY,42.78792,-73.942348,375358,1682,30,1.64,82,80,,2026-09-24,2026-08-31
knoxville-tn,Knoxville,TN,36.044462,-84.136114,364988,1738,90,0.65,98,70,,2026-09-24,2026-08-31
baton-rouge-la,Baton Rouge,LA,30.515242,-91.126926,248895,1382,60,0.56,25,25,,2026-09-24,2026-08-31
mcallen-tx,McAllen,TX,26.396384,-98.18099,193007,1122,85,1.68,68,70,,2026-09-24,2026-08-31
new-haven-ct,New Haven,CT,41.290167,-72.837024,409372,2082,45,1.79,98,80,,2026-09-24,2026-08-31
el-paso-tx,El Paso,TX,31.527394,-105.521333,234069,1525,85,1.68,86,70,,2026-09-24,2026-08-31
allentown-pa,Allentown,PA,40.789339,-75.398158,365871,1852,70,1.41,84,90,,2026-09-24,2026-08-31
oxnard-ca,Oxnard,CA,34.358748,-119.133145,871731,2954,35,0.75,27,55,,2026-09-24,2026-08-31
columbia-sc,Columbia,SC,34.077585,-81.037845,256132,1559,85,0.56,65,60,,2026-09-24,2026-08-31
north-port-fl,North Port,FL,27.329055,-82.414533,402040,2099,80,0.86,17,40,,2026-09-24,2026-08-31
charleston-sc,Charleston,SC,33.01754,-80.009947,431797,2062,85,0.56,67,60,,2026-09-24,2026-08-31
greensboro-nc,Greensboro,NC,36.025204,-79.792633,263188,1399,85,0.8,50,65,,2026-09-24,2026-08-31
stockton-ca,Stockton,CA,37.934982,-121.272244,524305,2424,35,0.75,4,55,,2026-09-24,2026-08-31
cape-coral-fl,Cape Coral,FL,26.563273,-81.984182,335410,1852,80,0.86,12,40,,2026-09-24,2026-08-31
boise-city-id,Boise City,ID,43.006648,-116.141909,493522,1919,85,0.67,2,80,,2026-09-24,2026-08-31
colorado-springs-co,Colorado Springs,CO,38.845507,-104.638728,448492,1787,55,0.51,7,75,,2026-09-24,2026-08-31
little-rock-ar,Little Rock,AR,34.755773,-92.400589,231747,1265,85,0.62,42,70,,2026-09-24,2026-08-31
lakeland-fl,Lakeland,FL,27.953685,-81.693493,295821,1840,80,0.86,32,40,,2026-09-24,2026-08-31
akron-oh,Akron,OH,41.146639,-81.35011,242459,1327,75,1.52,76,85,,2026-09-24,2026-08-31
des-moines-ia,Des Moines,IA,41.57705,-93.759712,294192,1297,85,1.52,39,80,,2026-09-24,2026-08-31
springfield-ma,Springfield,MA,42.136198,-72.635648,376569,1964,40,1.14,69,80,,2026-09-24,2026-08-31
ogden-ut,Ogden,UT,41.124342,-111.866933,511736,1626,85,0.57,28,80,,2026-09-24,2026-08-31
madison-wi,Madison,WI,43.083846,-89.597745,448708,1641,70,1.61,68,85,,2026-09-24,2026-08-31
winston-nc,Winston,NC,36.078852,-80.345064,280379,1541,85,0.8,62,65,,2026-09-24,2026-08-31
deltona-fl,Deltona,FL,29.1789,-81.189023,330389,1768,80,0.86,26,40,,2026-09-24,2026-08-31
syracuse-ny,Syracuse,NY,43.006516,-76.196134,270832,1607,30,1.64,100,80,,2026-09-24,2026-08-31
provo-ut,Provo,UT,39.872067,-112.359059,539276,1793,85,0.57,19,80,,2026-09-24,2026-08-31
toledo-oh,Toledo,OH,41.544357,-83.690777,205237,1264,75,1.52,62,85,,2026-09-24,2026-08-31
wichita-ks,Wichita,KS,37.637896,-97.246287,224280,1205,85,1.34,79,70,,2026-09-24,2026-08-31
durham-nc,Durham,NC,35.995536,-79.09699,405282,1649,85,0.8,43,65,,2026-09-24,2026-08-31
augusta-ga,Augusta,GA,33.460371,-81.982833,252841,1488,90,0.9,56,70,,2026-09-24,2026-08-31
palm-bay-fl,Palm Bay,FL,28.298311,-80.700333,341944,1898,80,0.86,30,40,,2026-09-24,2026-08-31
jackson-ms,Jackson,MS,32.426311,-90.136422,214315,1506,85,0.67,40,55,,2026-09-24,2026-08-31
harrisburg-pa,Harrisburg,PA,40.335915,-77.05049,311783,1477,70,1.41,78,90,,2026-09-24,2026-08-31
spokane-wa,Spokane,WA,48.091618,-117.663472,418163,1540,45,0.87,12,80,,2026-09-24,2026-08-31
scranton-pa,Scranton,PA,41.322881,-75.898188,235727,1358,70,1.41,75,90,,2026-09-24,2026-08-31
chattanooga-tn,Chattanooga,TN,35.049361,-85.361158,322958,1519,90,0.65,53,70,,2026-09-24,2026-08-31
modesto-ca,Modesto,CA,37.562316,-121.002831,463691,2068,35,0.75,16,55,,2026-09-24,2026-08-31
lancaster-pa,Lancaster,PA,40.041992,-76.250198,387889,1566,70,1.41,89,90,,2026-09-24,2026-08-31
portland-me,Portland,ME,43.651417,-70.418375,539862,2342,55,1.24,63,85,,2026-09-24,2026-08-31
youngstown-oh,Youngstown,OH,41.195092,-80.76508,177110,1026,75,1.52,91,85,,2026-09-24,2026-08-31
lansing-mi,Lansing,MI,42.713659,-84.605372,249666,1280,65,1.38,61,85,,2026-09-24,2026-08-31
fayetteville-ar,Fayetteville,AR,36.116394,-94.079545,367718,1582,85,0.62,92,70,,2026-09-24,2026-08-31
fayetteville-nc,Fayetteville,NC,35.037956,-78.982209,255537,1458,85,0.8,88,65,,2026-09-24,2026-08-31
lexington-ky,Lexington,KY,38.102876,-84.438545,326418,1539,80,0.83,86,75,,2026-09-24,2026-08-31
pensacola-fl,Pensacola,FL,30.608557,-87.158547,310111,1745,80,0.86,38,40,,2026-09-24,2026-08-31
santa-rosa-ca,Santa Rosa,CA,38.525182,-122.92611,785101,2685,35,0.75,5,55,,2026-09-24,2026-08-31
reno-nv,Reno,NV,40.251057,-119.555507,570858,2055,75,0.59,16,75,,2026-09-24,2026-08-31
huntsville-al,Huntsville,AL,34.783262,-86.734871,315402,1386,90,0.4,26,65,,2026-09-24,2026-08-31
port-st--lucie-fl,Port St. Lucie,FL,27.228046,-80.425388,381749,2340,80,0.86,44,40,,2026-09-24,2026-08-31
lafayette-la,Lafayette,LA,30.012961,-92.136552,202529,1382,60,0.56,5,25,,2026-09-24,2026-08-31
myrtle-beach-sc,Myrtle Beach,SC,33.909269,-78.976675,339754,1709,85,0.56,52,60,,2026-09-24,2026-08-31
springfield-mo,Springfield,MO,37.36087,-93.180262,272185,1245,85,0.98,76,75,,2026-09-24,2026-08-31
visalia-ca,Visalia,CA,36.228834,-118.781055,362368,1765,35,0.75,42,55,,2026-09-24,2026-08-31
killeen-tx,Killeen,TX,31.20273,-97.789638,250457,1330,85,1.68,24,70,,2026-09-24,2026-08-31
asheville-nc,Asheville,NC,35.61634,-82.570683,419186,1696,85,0.8,33,65,,2026-09-24,2026-08-31
york-pa,York,PA,39.921751,-76.728889,311138,1396,70,1.41,81,90,,2026-09-24,2026-08-31
vallejo-ca,Vallejo,CA,38.267226,-121.939594,572262,2458,35,0.75,3,55,,2026-09-24,2026-08-31
santa-maria-ca,Santa Maria,CA,34.536677,-120.038364,991975,3200,35,0.75,79,55,,2026-09-24,2026-08-31
salinas-ca,Salinas,CA,36.240104,-121.315578,843101,2799,35,0.75,24,55,,2026-09-24,2026-08-31
salem-or,Salem,OR,44.903385,-122.901757,449621,1618,40,0.93,20,75,,2026-09-24,2026-08-31
mobile-al,Mobile,AL,30.684572,-88.196568,197078,1308,90,0.4,36,65,,2026-09-24,2026-08-31
reading-pa,Reading,PA,40.413957,-75.92686,314715,1519,70,1.41,90,90,,2026-09-24,2026-08-31
corpus-christi-tx,Corpus Christi,TX,27.894817,-97.401668,223508,1434,85,1.68,7,70,,2026-09-24,2026-08-31
brownsville-tx,Brownsville,TX,26.102923,-97.478958,209484,1463,85,1.68,58,70,,2026-09-24,2026-08-31
manchester-nh,Manchester,NH,42.911532,-71.723055,523745,2178,65,1.93,88,85,,2026-09-24,2026-08-31
fort-wayne-in,Fort Wayne,IN,41.006999,-85.216424,260238,1281,90,0.84,88,85,,2026-09-24,2026-08-31
gulfport-ms,Gulfport,MS,30.480153,-88.999297,224579,1443,85,0.67,37,55,,2026-09-24,2026-08-31
salisbury-md,Salisbury,MD,38.197279,-75.769252,424977,1977,55,1.05,30,80,,2026-09-24,2026-08-31
flint-mi,Flint,MI,43.021077,-83.706372,196792,1063,65,1.38,59,85,,2026-09-24,2026-08-31
peoria-il,Peoria,IL,40.788069,-89.514639,174841,1178,35,2.08,94,85,,2026-09-24,2026-08-31
canton-oh,Canton,OH,40.711051,-81.261468,219938,1131,75,1.52,87,85,,2026-09-24,2026-08-31
savannah-ga,Savannah,GA,32.109153,-81.273107,342336,1789,90,0.9,85,70,,2026-09-24,2026-08-31
anchorage-ak,Anchorage,AK,62.212784,-149.678222,425596,1860,75,1.07,45,70,,2026-09-24,2026-08-31
beaumont-tx,Beaumont,TX,30.075928,-94.202705,188313,1283,85,1.68,5,70,,2026-09-24,2026-08-31
shreveport-la,Shreveport,LA,32.437682,-93.744884,186446,1330,60,0.56,10,25,,2026-09-24,2026-08-31
trenton-nj,Trenton,NJ,40.282503,-74.703724,445082,2513,40,2.23,90,75,,2026-09-24,2026-08-31
montgomery-al,Montgomery,AL,32.365631,-86.404585,214806,1405,90,0.4,56,65,,2026-09-24,2026-08-31
davenport-ia,Davenport,IA,41.39168,-90.460076,196628,1009,85,1.52,34,80,,2026-09-24,2026-08-31
tallahassee-fl,Tallahassee,FL,30.346366,-84.267001,284218,1470,80,0.86,39,40,,2026-09-24,2026-08-31
eugene-or,Eugene,OR,43.928334,-122.897581,455431,1766,40,0.93,20,75,,2026-09-24,2026-08-31
naples-fl,Naples,FL,26.118786,-81.400955,550720,2567,80,0.86,48,40,,2026-09-24,2026-08-31
ann-arbor-mi,Ann Arbor,MI,42.252217,-83.843423,416914,1962,65,1.38,37,85,,2026-09-24,2026-08-31
ocala-fl,Ocala,FL,29.202805,-82.0431,269193,1584,80,0.86,48,40,,2026-09-24,2026-08-31
hickory-nc,Hickory,NC,35.814295,-81.456584,269037,1618,85,0.8,72,65,,2026-09-24,2026-08-31
huntington-wv,Huntington,WV,38.357487,-82.579994,166303,1071,75,0.55,31,80,,2026-09-24,2026-08-31
fort-collins-co,Fort Collins,CO,40.658093,-105.486764,549219,1975,55,0.51,14,75,,2026-09-24,2026-08-31
rockford-il,Rockford,IL,42.331183,-89.042914,224246,1266,35,2.08,100,85,,2026-09-24,2026-08-31
lincoln-ne,Lincoln,NE,40.817429,-96.868801,302685,1308,85,1.63,52,75,,2026-09-24,2026-08-31
gainesville-fl,Gainesville,FL,29.453355,-82.666257,302455,1643,80,0.86,35,40,,2026-09-24,2026-08-31
boulder-co,Boulder,CO,40.094966,-105.397702,712024,2222,55,0.51,8,75,,2026-09-24,2026-08-31
green-bay-wi,Green Bay,WI,44.474024,-87.99613,345231,1109,70,1.61,96,85,,2026-09-24,2026-08-31
columbus-ga,Columbus,GA,32.419377,-84.843709,210990,1326,90,0.9,70,70,,2026-09-24,2026-08-31
south-bend-in,South Bend,IN,41.774981,-86.123014,241610,1301,90,0.84,91,85,,2026-09-24,2026-08-31
spartanburg-sc,Spartanburg,SC,34.83462,-81.842401,276318,1510,85,0.56,71,60,,2026-09-24,2026-08-31
greeley-co,Greeley,CO,40.555961,-104.383666,490746,1692,55,0.51,10,75,,2026-09-24,2026-08-31
lubbock-tx,Lubbock,TX,33.469794,-101.880412,213398,1340,85,1.68,23,70,,2026-09-24,2026-08-31
clarksville-tn,Clarksville,TN,36.69571,-87.624307,291739,1342,90,0.65,59,70,,2026-09-24,2026-08-31
roanoke-va,Roanoke,VA,37.286226,-79.946935,299426,1425,75,0.87,82,80,,2026-09-24,2026-08-31
evansville-in,Evansville,IN,38.049142,-87.584519,227052,1121,90,0.84,75,85,,2026-09-24,2026-08-31
kingsport-tn,Kingsport,TN,36.604161,-82.440145,246243,1320,90,0.65,92,70,,2026-09-24,2026-08-31
kennewick-wa,Kennewick,WA,46.364155,-119.254927,438458,1697,45,0.87,27,80,,2026-09-24,2026-08-31
utica-ny,Utica,NY,43.33228,-75.173189,233378,1432,30,1.64,95,80,,2026-09-24,2026-08-31
hagerstown-md,Hagerstown,MD,39.554433,-77.984594,323970,1646,55,1.05,62,80,,2026-09-24,2026-08-31
duluth-mn,Duluth,MN,47.329703,-92.37627,265012,1329,60,1.11,69,80,,2026-09-24,2026-08-31
olympia-wa,Olympia,WA,46.935822,-122.830152,524878,2080,45,0.87,17,80,,2026-09-24,2026-08-31
longview-tx,Longview,TX,32.431646,-94.684833,222626,1204,85,1.68,43,70,,2026-09-24,2026-08-31
wilmington-nc,Wilmington,NC,34.253691,-78.041674,445278,1734,85,0.8,74,65,,2026-09-24,2026-08-31
san-luis-obispo-ca,San Luis Obispo,CA,35.388189,-120.448897,897760,2837,35,0.75,48,55,,2026-09-24,2026-08-31
crestview-fl,Crestview,FL,30.594941,-86.358164,438425,1984,80,0.86,22,40,,2026-09-24,2026-08-31
merced-ca,Merced,CA,37.194806,-120.722802,417265,2036,35,0.75,21,55,,2026-09-24,2026-08-31
waco-tx,Waco,TX,31.5921,-97.286018,255340,1434,85,1.68,31,70,,2026-09-24,2026-08-31
cedar-rapids-ia,Cedar Rapids,IA,42.086289,-91.631095,245444,1250,85,1.52,55,80,,2026-09-24,2026-08-31
atlantic-city-nj,Atlantic City,NJ,39.286186,-74.738311,385565,2059,40,2.23,99,75,,2026-09-24,2026-08-31
bremerton-wa,Bremerton,WA,47.639595,-122.649634,580591,2063,45,0.87,12,80,,2026-09-24,2026-08-31
sioux-falls-sd,Sioux Falls,SD,43.525658,-96.875416,340496,1289,85,1.17,50,80,,2026-09-24,2026-08-31
santa-cruz-ca,Santa Cruz,CA,37.012347,-122.007789,1148750,3506,35,0.75,18,55,,2026-09-24,2026-08-31
erie-pa,Erie,PA,42.117952,-80.096386,226103,1136,70,1.41,94,90,,2026-09-24,2026-08-31
norwich-ct,Norwich,CT,41.484769,-72.101666,433137,2041,45,1.79,98,80,,2026-09-24,2026-08-31
amarillo-tx,Amarillo,TX,35.247999,-101.90867,221566,1324,85,1.68,54,70,,2026-09-24,2026-08-31
laredo-tx,Laredo,TX,27.760799,-99.340752,218936,1191,85,1.68,15,70,,2026-09-24,2026-08-31
tuscaloosa-al,Tuscaloosa,AL,33.097877,-87.799147,241271,1511,90,0.4,25,65,,2026-09-24,2026-08-31
college-station-tx,College Station,TX,30.754392,-96.488537,307248,1413,85,1.68,38,70,,2026-09-24,2026-08-31
kalamazoo-mi,Kalamazoo,MI,42.246266,-85.532854,278194,1280,65,1.38,54,85,,2026-09-24,2026-08-31
lynchburg-va,Lynchburg,VA,37.364926,-79.216689,290368,1297,75,0.87,74,80,,2026-09-24,2026-08-31
charleston-wv,Charleston,WV,38.283213,-81.492557,150969,1229,75,0.55,51,80,,2026-09-24,2026-08-31
yakima-wa,Yakima,WA,46.456558,-120.740145,351952,1377,45,0.87,21,80,,2026-09-24,2026-08-31
fargo-nd,Fargo,ND,46.914859,-96.960183,328573,1100,85,0.98,38,80,,2026-09-24,2026-08-31
binghamton-ny,Binghamton,NY,42.163928,-76.022943,204127,1587,30,1.64,95,80,,2026-09-24,2026-08-31
fort-smith-ar,Fort Smith,AR,35.429088,-94.448349,205433,1075,85,0.62,61,70,,2026-09-24,2026-08-31
appleton-wi,Appleton,WI,44.290603,-88.372326,349275,1209,70,1.61,97,85,,2026-09-24,2026-08-31
topeka-ks,Topeka,KS,39.041389,-95.802639,220095,1283,85,1.34,87,70,,2026-09-24,2026-08-31
macon-ga,Macon,GA,32.856216,-83.714305,200076,1250,90,0.9,70,70,,2026-09-24,2026-08-31
tyler-tx,Tyler,TX,32.375105,-95.268939,271212,1378,85,1.68,49,70,,2026-09-24,2026-08-31
barnstable-town-ma,Barnstable Town,MA,41.706123,-70.164823,762442,2574,40,1.14,73,80,,2026-09-24,2026-08-31
daphne-al,Daphne,AL,30.659218,-87.746067,372137,1659,90,0.4,33,65,,2026-09-24,2026-08-31
bellingham-wa,Bellingham,WA,48.842653,-121.836432,610694,1984,45,0.87,24,80,,2026-09-24,2026-08-31
burlington-vt,Burlington,VT,44.689115,-73.041175,470629,2315,50,1.83,43,85,,2026-09-24,2026-08-31
rochester-mn,Rochester,MN,43.94981,-92.33066,340393,1629,60,1.11,41,80,,2026-09-24,2026-08-31
lafayette-in,Lafayette,IN,40.482153,-87.017112,287219,1437,90,0.84,83,85,,2026-09-24,2026-08-31
champaign-il,Champaign,IL,40.234489,-88.298623,239660,1368,35,2.08,79,85,,2026-09-24,2026-08-31
medford-or,Medford,OR,42.411621,-122.675611,436355,1838,40,0.93,10,75,,2026-09-24,2026-08-31
charlottesville-va,Charlottesville,VA,37.949084,-78.593206,466498,1979,75,0.87,46,80,,2026-09-24,2026-08-31
lake-charles-la,Lake Charles,LA,30.038451,-93.190093,202113,1381,60,0.56,1,25,,2026-09-24,2026-08-31
las-cruces-nm,Las Cruces,NM,32.349919,-106.834968,287943,1469,70,0.67,69,75,,2026-09-24,2026-08-31
chico-ca,Chico,CA,39.665336,-121.603209,398224,1529,35,0.75,2,55,,2026-09-24,2026-08-31
hilton-head-island-sc,Hilton Head Island,SC,32.386792,-80.830877,523548,1976,85,0.56,90,60,,2026-09-24,2026-08-31
athens-ga,Athens,GA,33.943984,-83.213897,369408,1620,90,0.9,80,70,,2026-09-24,2026-08-31
lake-havasu-city-az,Lake Havasu City,AZ,35.717705,-113.749689,350954,1532,85,0.63,13,75,,2026-09-24,2026-08-31
columbia-mo,Columbia,MO,38.986486,-92.585189,321371,1444,85,0.98,72,75,,2026-09-24,2026-08-31
springfield-il,Springfield,IL,39.828621,-89.696067,200021,1197,35,2.08,77,85,,2026-09-24,2026-08-31
houma-la,Houma,LA,29.33413,-90.843674,183859,1299,60,0.56,0,25,,2026-09-24,2026-08-31
monroe-la,Monroe,LA,32.67396,-92.058318,170360,1167,60,0.56,15,25,,2026-09-24,2026-08-31
elkhart-in,Elkhart,IN,41.600693,-85.863986,268429,1149,90,0.84,81,85,,2026-09-24,2026-08-31
johnson-city-tn,Johnson City,TN,36.265822,-82.332693,281957,1434,90,0.65,86,70,,2026-09-24,2026-08-31
yuma-az,Yuma,AZ,32.773942,-113.910905,279024,1457,85,0.63,66,75,,2026-09-24,2026-08-31
gainesville-ga,Gainesville,GA,34.317569,-83.8185,387291,1691,90,0.9,60,70,,2026-09-24,2026-08-31
jacksonville-nc,Jacksonville,NC,34.763109,-77.499469,292020,1573,85,0.8,96,65,,2026-09-24,2026-08-31
florence-sc,Florence,SC,34.153574,-79.806164,194285,1462,85,0.56,57,60,,2026-09-24,2026-08-31
hilo-hi,Hilo,HI,19.597764,-155.502443,570917,2442,50,0.27,45,60,,2026-09-24,2026-08-31
st--cloud-mn,St. Cloud,MN,45.593031,-94.488363,311652,1248,60,1.11,57,80,,2026-09-24,2026-08-31
racine-wi,Racine,WI,42.780392,-87.771599,318804,1456,70,1.61,83,85,,2026-09-24,2026-08-31
bend-or,Bend,OR,44.153837,-120.887072,663933,2223,40,0.93,8,75,,2026-09-24,2026-08-31
saginaw-mi,Saginaw,MI,43.328267,-84.05541,176680,1076,65,1.38,95,85,,2026-09-24,2026-08-31
warner-robins-ga,Warner Robins,GA,32.492806,-83.711084,254475,1517,90,0.9,93,70,,2026-09-24,2026-08-31
terre-haute-in,Terre Haute,IN,39.392389,-87.347096,170331,991,90,0.84,76,85,,2026-09-24,2026-08-31
torrington-ct,Torrington,CT,41.854809,-73.221494,428307,1930,45,1.79,93,80,,2026-09-24,2026-08-31
punta-gorda-fl,Punta Gorda,FL,26.906396,-82.003657,297279,1872,80,0.86,3,40,,2026-09-24,2026-08-31
billings-mt,Billings,MT,45.63714,-108.832361,409829,1426,80,0.74,67,80,,2026-09-24,2026-08-31
redding-ca,Redding,CA,40.760514,-122.043556,370235,1701,35,0.75,9,55,,2026-09-24,2026-08-31
kingston-ny,Kingston,NY,41.947212,-74.265458,450659,2015,30,1.64,89,80,,2026-09-24,2026-08-31
panama-city-fl,Panama City,FL,30.273241,-85.642089,344018,1745,80,0.86,32,40,,2026-09-24,2026-08-31
joplin-mo,Joplin,MO,37.092135,-94.500651,228639,1268,85,0.98,84,75,,2026-09-24,2026-08-31
dover-de,Dover,DE,39.097088,-75.502982,372929,1787,60,0.59,71,75,,2026-09-24,2026-08-31
el-centro-ca,El Centro,CA,33.040814,-115.3554,382840,1754,35,0.75,85,55,,2026-09-24,2026-08-31
jackson-tn,Jackson,TN,35.753215,-88.882692,205926,1412,90,0.65,40,70,,2026-09-24,2026-08-31
yuba-city-ca,Yuba City,CA,39.160969,-121.511833,428414,2114,35,0.75,11,55,,2026-09-24,2026-08-31
bowling-green-ky,Bowling Green,KY,37.046804,-86.397398,259405,1252,80,0.83,57,75,,2026-09-24,2026-08-31
st--george-ut,St. George,UT,37.262531,-113.4878,526381,1873,85,0.57,13,80,,2026-09-24,2026-08-31
muskegon-mi,Muskegon,MI,43.428739,-86.420908,257800,1282,65,1.38,65,85,,2026-09-24,2026-08-31
